1.,Philippines,Mon- Apr 20- 2009 11:04 AM
2.,Netherlands,Mon- Apr 20- 2009 7:00 AM
3.,United States,Mon- Apr 20- 2009 6:47 AM
4.,United States,Mon- Apr 20- 2009 3:04 AM
5.,US,Mon- Apr 20- 2009 2:01 AM
6.,saudi arabia,Mon- Apr 20- 2009 1:54 AM
7.,U.S.A.,Mon- Apr 20- 2009 1:05 AM
8.,Netherlands,Mon- Apr 20- 2009 12:49 AM
9.,USA,Sun- Apr 19- 2009 11:37 PM
10.,United Kingdom,Sun- Apr 19- 2009 10:00 PM
11.,Russian Federation,Sun- Apr 19- 2009 9:43 PM
12.,Iran,Sun- Apr 19- 2009 9:21 PM
13.,india,Sun- Apr 19- 2009 9:17 PM
14.,usa,Sun- Apr 19- 2009 8:07 PM
15.,Canada,Sun- Apr 19- 2009 8:06 PM
16.,Estonia,Sun- Apr 19- 2009 7:48 PM
17.,Russia,Sun- Apr 19- 2009 7:14 PM
18.,US,Sun- Apr 19- 2009 7:11 PM
19.,Russia,Sun- Apr 19- 2009 7:00 PM
20.,China,Sun- Apr 19- 2009 5:38 PM
21.,China,Sun- Apr 19- 2009 4:33 PM
22.,The Netherlands,Sun- Apr 19- 2009 1:59 PM
23.,China,Sun- Apr 19- 2009 1:53 PM
24.,The Netherlands,Sun- Apr 19- 2009 1:49 PM
25.,England,Sun- Apr 19- 2009 12:50 PM
26.,Netherland,Sun- Apr 19- 2009 12:11 PM
27.,Canada,Sun- Apr 19- 2009 10:30 AM
28.,United Kingdom,Sun- Apr 19- 2009 10:12 AM
29.,israel,Sun- Apr 19- 2009 9:33 AM
30.,United States,Sun- Apr 19- 2009 8:46 AM
31.,the Netherlands,Sun- Apr 19- 2009 8:32 AM
32.,Australia,Sun- Apr 19- 2009 8:05 AM
33.,Canada,Sun- Apr 19- 2009 4:37 AM
34.,United States,Sun- Apr 19- 2009 2:35 AM
35.,The Netherlands,Sun- Apr 19- 2009 2:11 AM
36.,Germany,Sun- Apr 19- 2009 2:01 AM
37.,Canada,Sun- Apr 19- 2009 1:58 AM
38.,The United Kingdom,Sun- Apr 19- 2009 1:28 AM
39.,Sweden,Sun- Apr 19- 2009 1:21 AM
40.,USA,Sun- Apr 19- 2009 12:58 AM
41.,The Netherlands,Sun- Apr 19- 2009 12:15 AM
42.,Australia,Sat- Apr 18- 2009 11:20 PM
43.,United States,Sat- Apr 18- 2009 11:19 PM
44.,United States,Sat- Apr 18- 2009 10:06 PM
45.,Spain,Sat- Apr 18- 2009 8:32 PM
46.,United Kingdom,Sat- Apr 18- 2009 7:17 PM
47.,Finland,Sat- Apr 18- 2009 6:55 PM
48.,United States,Sat- Apr 18- 2009 6:51 PM
49.,Spain,Sat- Apr 18- 2009 5:49 PM
50.,Hungary,Sat- Apr 18- 2009 5:17 PM
51.,United States,Sat- Apr 18- 2009 5:16 PM
52.,Australia,Sat- Apr 18- 2009 2:44 PM
53.,United Kingdom,Sat- Apr 18- 2009 1:04 PM
54.,The Netherlands,Sat- Apr 18- 2009 12:56 PM
55.,Spain,Sat- Apr 18- 2009 12:52 PM
56.,Hungary,Sat- Apr 18- 2009 12:49 PM
57.,United States,Sat- Apr 18- 2009 11:53 AM
58.,United States,Sat- Apr 18- 2009 11:13 AM
59.,india,Sat- Apr 18- 2009 11:10 AM
60.,Netherlands,Sat- Apr 18- 2009 10:45 AM
61.,Russian Federation,Sat- Apr 18- 2009 10:35 AM
62.,The Netherlands,Sat- Apr 18- 2009 9:57 AM
63.,Netherlands,Sat- Apr 18- 2009 9:46 AM
64.,Canada,Sat- Apr 18- 2009 8:08 AM
65.,United States,Sat- Apr 18- 2009 7:20 AM
66.,United States of America,Sat- Apr 18- 2009 5:32 AM
67.,France,Sat- Apr 18- 2009 4:47 AM
68.,Brasil,Sat- Apr 18- 2009 4:20 AM
69.,canada,Sat- Apr 18- 2009 3:46 AM
70.,USA baby,Sat- Apr 18- 2009 3:38 AM
71.,Canada,Sat- Apr 18- 2009 2:51 AM
72.,Pakistan,Sat- Apr 18- 2009 2:51 AM
73.,Germany,Sat- Apr 18- 2009 12:50 AM
74.,Peru,Sat- Apr 18- 2009 12:45 AM
75.,United States,Sat- Apr 18- 2009 12:42 AM
76.,United States,Sat- Apr 18- 2009 12:35 AM
77.,The Netherlands,Fri- Apr 17- 2009 11:57 PM
78.,Finland,Fri- Apr 17- 2009 11:08 PM
79.,Australia,Fri- Apr 17- 2009 10:09 PM
80.,Russian Federation,Fri- Apr 17- 2009 9:20 PM
81.,United States,Fri- Apr 17- 2009 9:00 PM
82.,UK,Fri- Apr 17- 2009 7:57 PM
83.,US,Fri- Apr 17- 2009 7:47 PM
84.,USA,Fri- Apr 17- 2009 7:38 PM
85.,Chile,Fri- Apr 17- 2009 6:48 PM
86.,Australia,Fri- Apr 17- 2009 6:30 PM
87.,Taiwan,Fri- Apr 17- 2009 6:14 PM
88.,USA,Fri- Apr 17- 2009 5:52 PM
89.,Spain,Fri- Apr 17- 2009 4:39 PM
90.,South Africa,Fri- Apr 17- 2009 4:33 PM
91.,Turkey,Fri- Apr 17- 2009 4:07 PM
92.,Italy,Fri- Apr 17- 2009 3:54 PM
93.,Italy,Fri- Apr 17- 2009 3:20 PM
94.,Germany,Fri- Apr 17- 2009 2:50 PM
95.,Lithuania,Fri- Apr 17- 2009 2:39 PM
96.,usa,Fri- Apr 17- 2009 1:23 PM
97.,United States,Fri- Apr 17- 2009 1:08 PM
98.,India,Fri- Apr 17- 2009 12:34 PM
99.,Italy,Fri- Apr 17- 2009 11:23 AM
100.,Norway and Estonia,Fri- Apr 17- 2009 10:18 AM
101.,USA,Fri- Apr 17- 2009 9:40 AM
102.,United States,Fri- Apr 17- 2009 8:44 AM
103.,Russia,Fri- Apr 17- 2009 7:54 AM
104.,Egypt,Fri- Apr 17- 2009 7:40 AM
105.,USA,Fri- Apr 17- 2009 6:17 AM
106.,USA,Fri- Apr 17- 2009 6:11 AM
107.,United States,Fri- Apr 17- 2009 5:15 AM
108.,USA,Fri- Apr 17- 2009 4:58 AM
109.,United States,Fri- Apr 17- 2009 4:42 AM
110.,Canada,Fri- Apr 17- 2009 4:30 AM
111.,Italy,Fri- Apr 17- 2009 3:23 AM
112.,United States,Fri- Apr 17- 2009 3:06 AM
113.,Turkey,Fri- Apr 17- 2009 2:59 AM
114.,California,Fri- Apr 17- 2009 2:46 AM
115.,United States of America,Fri- Apr 17- 2009 2:36 AM
116.,Ireland,Fri- Apr 17- 2009 1:19 AM
117.,Malaysia,Fri- Apr 17- 2009 12:05 AM
118.,germany,Thu- Apr 16- 2009 11:43 PM
119.,the Netherlands,Thu- Apr 16- 2009 11:08 PM
120.,Netherlands,Thu- Apr 16- 2009 10:38 PM
121.,Ireland,Thu- Apr 16- 2009 10:37 PM
122.,Egypt,Thu- Apr 16- 2009 10:04 PM
123.,Czech Republic,Thu- Apr 16- 2009 9:53 PM
124.,India,Thu- Apr 16- 2009 8:52 PM
125.,Belgium,Thu- Apr 16- 2009 6:45 PM
126.,Russia,Thu- Apr 16- 2009 6:29 PM
127.,Turkey,Thu- Apr 16- 2009 4:10 PM
128.,Rio Grande do Sul,Thu- Apr 16- 2009 2:24 PM
129.,Sweden,Thu- Apr 16- 2009 11:47 AM
130.,Czech repbulic,Thu- Apr 16- 2009 10:54 AM
131.,Poland,Thu- Apr 16- 2009 10:27 AM
132.,Netherlands,Thu- Apr 16- 2009 9:16 AM
133.,netherlands,Thu- Apr 16- 2009 8:23 AM
134.,USA,Thu- Apr 16- 2009 7:00 AM
135.,India,Thu- Apr 16- 2009 6:29 AM
136.,Brazil,Thu- Apr 16- 2009 6:23 AM
137.,United States of America,Thu- Apr 16- 2009 6:16 AM
138.,USA,Thu- Apr 16- 2009 3:29 AM
139.,USA,Thu- Apr 16- 2009 2:51 AM
140.,Denmark,Thu- Apr 16- 2009 12:34 AM
141.,Belgium,Thu- Apr 16- 2009 12:00 AM
142.,hungary,Wed- Apr 15- 2009 11:54 PM
143.,France,Wed- Apr 15- 2009 11:47 PM
144.,Saudi Arabia,Wed- Apr 15- 2009 11:40 PM
145.,India,Wed- Apr 15- 2009 11:02 PM
146.,India,Wed- Apr 15- 2009 10:23 PM
147.,UK,Wed- Apr 15- 2009 9:17 PM
148.,UNITED STATES,Wed- Apr 15- 2009 8:42 PM
149.,India,Wed- Apr 15- 2009 8:35 PM
150.,Poland,Wed- Apr 15- 2009 7:00 PM
151.,United States,Wed- Apr 15- 2009 6:54 PM
152.,canada,Wed- Apr 15- 2009 6:52 PM
153.,Brasil,Wed- Apr 15- 2009 6:35 PM
154.,Germany,Wed- Apr 15- 2009 5:59 PM
155.,NL,Wed- Apr 15- 2009 5:25 PM
156.,Scotland,Wed- Apr 15- 2009 4:27 PM
157.,Germany,Wed- Apr 15- 2009 4:16 PM
158.,turkey,Wed- Apr 15- 2009 3:04 PM
159.,The Netherlands,Wed- Apr 15- 2009 1:35 PM
160.,Bulgaria,Wed- Apr 15- 2009 1:30 PM
161.,Bulgaria,Wed- Apr 15- 2009 1:30 PM
162.,Bulgaria,Wed- Apr 15- 2009 1:25 PM
163.,nug420ster@gmail.com,Wed- Apr 15- 2009 12:18 PM
164.,Netherlands,Wed- Apr 15- 2009 12:16 PM
165.,Lithuania- Jurbarkas city,Wed- Apr 15- 2009 11:35 AM
166.,Turkey,Wed- Apr 15- 2009 10:50 AM
167.,Netherlands,Wed- Apr 15- 2009 9:56 AM
168.,China,Wed- Apr 15- 2009 9:23 AM
169.,Österreich,Wed- Apr 15- 2009 9:09 AM
170.,Netherlands,Wed- Apr 15- 2009 7:03 AM
171.,Somewhere,Wed- Apr 15- 2009 6:56 AM
172.,United States of America,Wed- Apr 15- 2009 3:17 AM
173.,United States,Wed- Apr 15- 2009 1:55 AM
174.,United States,Wed- Apr 15- 2009 12:38 AM
175.,Canada,Wed- Apr 15- 2009 12:13 AM
176.,England,Tue- Apr 14- 2009 10:46 PM
177.,Italy,Tue- Apr 14- 2009 10:12 PM
178.,England,Tue- Apr 14- 2009 9:57 PM
179.,Netherlands,Tue- Apr 14- 2009 8:15 PM
180.,Netherlands,Tue- Apr 14- 2009 8:14 PM
181.,USA,Tue- Apr 14- 2009 7:59 PM
182.,Russia,Tue- Apr 14- 2009 7:47 PM
183.,turkey,Tue- Apr 14- 2009 7:27 PM
184.,US,Tue- Apr 14- 2009 6:55 PM
185.,Brazil,Tue- Apr 14- 2009 6:40 PM
186.,Canada,Tue- Apr 14- 2009 6:17 PM
187.,netherlands,Tue- Apr 14- 2009 5:47 PM
188.,China,Tue- Apr 14- 2009 5:24 PM
189.,UK,Tue- Apr 14- 2009 5:09 PM
190.,Netherlands,Tue- Apr 14- 2009 5:08 PM
191.,Sweden,Tue- Apr 14- 2009 5:00 PM
192.,Poland,Tue- Apr 14- 2009 4:24 PM
193.,Netherlands,Tue- Apr 14- 2009 4:13 PM
194.,Australia,Tue- Apr 14- 2009 3:10 PM
195.,Portugal,Tue- Apr 14- 2009 1:54 PM
196.,Lithuania,Tue- Apr 14- 2009 12:52 PM
197.,USA,Tue- Apr 14- 2009 12:32 PM
198.,Canada,Tue- Apr 14- 2009 12:20 PM
199.,United Kingdom,Tue- Apr 14- 2009 12:16 PM
200.,Sweden,Tue- Apr 14- 2009 12:06 PM
201.,Iran,Tue- Apr 14- 2009 11:58 AM
202.,US,Tue- Apr 14- 2009 11:46 AM
203.,The Netherlands,Tue- Apr 14- 2009 11:46 AM
204.,Netherlands,Tue- Apr 14- 2009 11:33 AM
205.,Belgium,Tue- Apr 14- 2009 11:25 AM
206.,Netherlands,Tue- Apr 14- 2009 11:14 AM
207.,The Netherlands,Tue- Apr 14- 2009 9:38 AM
208.,VietNam,Tue- Apr 14- 2009 9:03 AM
209.,Sweden,Tue- Apr 14- 2009 8:16 AM
210.,USA,Tue- Apr 14- 2009 3:43 AM
211.,Australia,Tue- Apr 14- 2009 1:42 AM
212.,Sweden,Tue- Apr 14- 2009 1:03 AM
213.,US,Mon- Apr 13- 2009 11:39 PM
214.,Ireland,Mon- Apr 13- 2009 11:29 PM
215.,Saudi Arabia,Mon- Apr 13- 2009 11:01 PM
216.,Poland,Mon- Apr 13- 2009 10:27 PM
217.,Italy,Mon- Apr 13- 2009 10:09 PM
218.,Czech Republic,Mon- Apr 13- 2009 9:04 PM
219.,Brazil,Mon- Apr 13- 2009 8:55 PM
220.,United States of America,Mon- Apr 13- 2009 8:50 PM
221.,algerie,Mon- Apr 13- 2009 8:21 PM
222.,Netherlands,Mon- Apr 13- 2009 7:48 PM
223.,Turkey,Mon- Apr 13- 2009 6:16 PM
224.,Sweden,Mon- Apr 13- 2009 6:14 PM
225.,japan,Mon- Apr 13- 2009 6:11 PM
226.,uk,Mon- Apr 13- 2009 4:35 PM
227.,USA,Mon- Apr 13- 2009 4:19 PM
228.,brasil,Mon- Apr 13- 2009 4:18 PM
229.,Nederland,Mon- Apr 13- 2009 4:14 PM
230.,Romania,Mon- Apr 13- 2009 4:08 PM
231.,Moldova,Mon- Apr 13- 2009 3:52 PM
232.,Netherlands,Mon- Apr 13- 2009 3:01 PM
233.,USA,Mon- Apr 13- 2009 2:57 PM
234.,United Kingdom,Mon- Apr 13- 2009 2:26 PM
235.,Sweden,Mon- Apr 13- 2009 1:56 PM
236.,Netherlands,Mon- Apr 13- 2009 1:45 PM
237.,Finland,Mon- Apr 13- 2009 12:21 PM
238.,Italy,Mon- Apr 13- 2009 12:05 PM
239.,UK,Mon- Apr 13- 2009 11:50 AM
240.,Germany,Mon- Apr 13- 2009 10:39 AM
241.,United States,Mon- Apr 13- 2009 10:34 AM
242.,The Netherlands,Mon- Apr 13- 2009 10:19 AM
243.,India,Mon- Apr 13- 2009 9:59 AM
244.,Czech Republic,Mon- Apr 13- 2009 9:32 AM
245.,Netherlands,Mon- Apr 13- 2009 9:23 AM
246.,Azerbaijan,Mon- Apr 13- 2009 9:01 AM
247.,US,Mon- Apr 13- 2009 9:00 AM
248.,United States,Mon- Apr 13- 2009 8:38 AM
249.,USA,Mon- Apr 13- 2009 7:42 AM
250.,usa,Mon- Apr 13- 2009 7:29 AM
251.,United States,Mon- Apr 13- 2009 7:01 AM
252.,Denamrk,Mon- Apr 13- 2009 6:55 AM
253.,USA,Mon- Apr 13- 2009 5:36 AM
254.,USA,Mon- Apr 13- 2009 2:21 AM
255.,Netherlands,Mon- Apr 13- 2009 2:12 AM
256.,Canada,Mon- Apr 13- 2009 1:51 AM
257.,UK,Mon- Apr 13- 2009 1:09 AM
258.,United States,Mon- Apr 13- 2009 12:43 AM
259.,Sweden,Mon- Apr 13- 2009 12:37 AM
260.,France,Mon- Apr 13- 2009 12:10 AM
261.,Czech Republic,Mon- Apr 13- 2009 12:03 AM
262.,USA,Sun- Apr 12- 2009 11:43 PM
263.,spain,Sun- Apr 12- 2009 11:17 PM
264.,Colombia,Sun- Apr 12- 2009 11:07 PM
265.,united states of america,Sun- Apr 12- 2009 10:19 PM
266.,Italy,Sun- Apr 12- 2009 10:13 PM
267.,Nederland,Sun- Apr 12- 2009 9:43 PM
268.,Poland,Sun- Apr 12- 2009 9:27 PM
269.,The Netherlands,Sun- Apr 12- 2009 9:17 PM
270.,Iran,Sun- Apr 12- 2009 8:10 PM
271.,Germany,Sun- Apr 12- 2009 8:04 PM
272.,Mexico,Sun- Apr 12- 2009 7:57 PM
273.,Turkey,Sun- Apr 12- 2009 7:19 PM
274.,Netherlands,Sun- Apr 12- 2009 7:15 PM
275.,United Arab Emirates,Sun- Apr 12- 2009 7:08 PM
276.,USA,Sun- Apr 12- 2009 7:07 PM
277.,Brazil,Sun- Apr 12- 2009 4:10 PM
278.,Philippines,Sun- Apr 12- 2009 2:42 PM
279.,netherlands,Sun- Apr 12- 2009 2:33 PM
280.,England,Sun- Apr 12- 2009 2:03 PM
281.,Brazil,Sun- Apr 12- 2009 1:59 PM
282.,Iran,Sun- Apr 12- 2009 1:51 PM
283.,Netherlands,Sun- Apr 12- 2009 1:45 PM
284.,the Netherlands,Sun- Apr 12- 2009 12:19 PM
285.,India,Sun- Apr 12- 2009 10:55 AM
286.,Sweden,Sun- Apr 12- 2009 9:54 AM
287.,Philippines,Sun- Apr 12- 2009 9:46 AM
288.,Germany,Sun- Apr 12- 2009 8:50 AM
289.,Canada,Sun- Apr 12- 2009 8:30 AM
290.,USA,Sun- Apr 12- 2009 7:18 AM
291.,USA,Sun- Apr 12- 2009 7:02 AM
292.,Brazil,Sun- Apr 12- 2009 6:52 AM
293.,United States,Sun- Apr 12- 2009 6:01 AM
294.,USA,Sun- Apr 12- 2009 5:34 AM
295.,United States,Sun- Apr 12- 2009 4:50 AM
296.,United States,Sun- Apr 12- 2009 3:08 AM
297.,Belgium,Sun- Apr 12- 2009 1:37 AM
298.,United States of America,Sun- Apr 12- 2009 1:20 AM
299.,Chile,Sun- Apr 12- 2009 12:59 AM
300.,United Kingdom,Sun- Apr 12- 2009 12:32 AM
301.,US,Sun- Apr 12- 2009 12:16 AM
302.,Russia,Sat- Apr 11- 2009 11:47 PM
303.,Brazil,Sat- Apr 11- 2009 11:09 PM
304.,Jordan,Sat- Apr 11- 2009 11:07 PM
305.,UK,Sat- Apr 11- 2009 11:03 PM
306.,Iran,Sat- Apr 11- 2009 10:20 PM
307.,United States,Sat- Apr 11- 2009 10:17 PM
308.,Russia,Sat- Apr 11- 2009 9:40 PM
309.,saudi,Sat- Apr 11- 2009 8:52 PM
310.,United States,Sat- Apr 11- 2009 8:33 PM
311.,Malaysia,Sat- Apr 11- 2009 8:25 PM
312.,INDIA,Sat- Apr 11- 2009 7:43 PM
313.,USA,Sat- Apr 11- 2009 6:18 PM
314.,Estonia,Sat- Apr 11- 2009 5:50 PM
315.,Greece,Sat- Apr 11- 2009 5:45 PM
316.,USA,Sat- Apr 11- 2009 5:42 PM
317.,Canada,Sat- Apr 11- 2009 5:28 PM
318.,South Africa,Sat- Apr 11- 2009 4:54 PM
319.,United States,Sat- Apr 11- 2009 4:37 PM
320.,Germany,Sat- Apr 11- 2009 4:21 PM
321.,Malaysia,Sat- Apr 11- 2009 3:14 PM
322.,turkey,Sat- Apr 11- 2009 2:54 PM
323.,UK,Sat- Apr 11- 2009 2:03 PM
324.,Russia,Sat- Apr 11- 2009 2:00 PM
325.,Russia,Sat- Apr 11- 2009 1:56 PM
326.,Netherlands,Sat- Apr 11- 2009 1:44 PM
327.,Czech Republic,Sat- Apr 11- 2009 1:40 PM
328.,Netherlands,Sat- Apr 11- 2009 1:27 PM
329.,France,Sat- Apr 11- 2009 12:59 PM
330.,Croatia,Sat- Apr 11- 2009 12:21 PM
331.,Netherlands,Sat- Apr 11- 2009 12:15 PM
332.,United States,Sat- Apr 11- 2009 12:09 PM
333.,USA,Sat- Apr 11- 2009 12:01 PM
334.,Portugal,Sat- Apr 11- 2009 11:55 AM
335.,Finland,Sat- Apr 11- 2009 10:41 AM
336.,England,Sat- Apr 11- 2009 9:56 AM
337.,France,Sat- Apr 11- 2009 9:30 AM
338.,China,Sat- Apr 11- 2009 9:15 AM
339.,United States,Sat- Apr 11- 2009 9:04 AM
340.,Russia,Sat- Apr 11- 2009 8:53 AM
341.,United States of America,Sat- Apr 11- 2009 8:30 AM
342.,russian federation,Sat- Apr 11- 2009 8:17 AM
343.,USA,Sat- Apr 11- 2009 7:56 AM
344.,USA,Sat- Apr 11- 2009 7:47 AM
345.,United States of America,Sat- Apr 11- 2009 7:46 AM
346.,United States,Sat- Apr 11- 2009 7:09 AM
347.,Brazil,Sat- Apr 11- 2009 6:22 AM
348.,Korea,Sat- Apr 11- 2009 5:49 AM
349.,Australia,Sat- Apr 11- 2009 5:14 AM
350.,Canada,Sat- Apr 11- 2009 5:01 AM
351.,United States,Sat- Apr 11- 2009 4:46 AM
352.,USA,Sat- Apr 11- 2009 3:12 AM
353.,United Kingdom,Sat- Apr 11- 2009 3:03 AM
354.,US,Sat- Apr 11- 2009 2:23 AM
355.,usa,Sat- Apr 11- 2009 2:02 AM
356.,Belgium,Sat- Apr 11- 2009 1:33 AM
357.,United States of America,Sat- Apr 11- 2009 1:19 AM
358.,United Kingdom,Sat- Apr 11- 2009 1:10 AM
359.,United States,Sat- Apr 11- 2009 1:10 AM
360.,The Netherlands,Sat- Apr 11- 2009 1:01 AM
361.,USA,Sat- Apr 11- 2009 12:30 AM
362.,United States,Sat- Apr 11- 2009 12:08 AM
363.,Morocco,Fri- Apr 10- 2009 11:32 PM
364.,USA,Fri- Apr 10- 2009 10:51 PM
365.,Jordan,Fri- Apr 10- 2009 10:37 PM
366.,Australia,Fri- Apr 10- 2009 10:32 PM
367.,USA,Fri- Apr 10- 2009 10:17 PM
368.,United Kingdom,Fri- Apr 10- 2009 10:15 PM
369.,Denmark,Fri- Apr 10- 2009 10:07 PM
370.,United States,Fri- Apr 10- 2009 10:04 PM
371.,Canada,Fri- Apr 10- 2009 9:26 PM
372.,brasil,Fri- Apr 10- 2009 9:10 PM
373.,USA,Fri- Apr 10- 2009 9:01 PM
374.,Estonia,Fri- Apr 10- 2009 8:52 PM
375.,Andorra,Fri- Apr 10- 2009 8:42 PM
376.,Belgium,Fri- Apr 10- 2009 8:41 PM
377.,United Kingdom,Fri- Apr 10- 2009 8:36 PM
378.,usa,Fri- Apr 10- 2009 8:07 PM
379.,US,Fri- Apr 10- 2009 7:40 PM
380.,Russia,Fri- Apr 10- 2009 7:30 PM
381.,China,Fri- Apr 10- 2009 6:47 PM
382.,USA,Fri- Apr 10- 2009 6:36 PM
383.,Canada,Fri- Apr 10- 2009 6:17 PM
384.,Ukraine,Fri- Apr 10- 2009 6:12 PM
385.,United States,Fri- Apr 10- 2009 5:51 PM
386.,USA,Fri- Apr 10- 2009 5:40 PM
387.,USA,Fri- Apr 10- 2009 5:35 PM
388.,Belgium,Fri- Apr 10- 2009 5:29 PM
389.,USA,Fri- Apr 10- 2009 5:16 PM
390.,United States,Fri- Apr 10- 2009 5:07 PM
391.,USA,Fri- Apr 10- 2009 5:03 PM
392.,United Kingdom,Fri- Apr 10- 2009 4:40 PM
393.,Turkey,Fri- Apr 10- 2009 3:53 PM
394.,Netherlands,Fri- Apr 10- 2009 3:29 PM
395.,Netherlands,Fri- Apr 10- 2009 3:21 PM
396.,The Netherlands,Fri- Apr 10- 2009 3:11 PM
397.,Germany,Fri- Apr 10- 2009 3:06 PM
398.,USA,Fri- Apr 10- 2009 3:01 PM
399.,Brazil,Fri- Apr 10- 2009 2:46 PM
400.,United Kingdom,Fri- Apr 10- 2009 2:25 PM
401.,india,Fri- Apr 10- 2009 2:03 PM
402.,UK,Fri- Apr 10- 2009 1:53 PM
403.,New Zealand,Fri- Apr 10- 2009 1:31 PM
404.,UAE,Fri- Apr 10- 2009 1:09 PM
405.,England,Fri- Apr 10- 2009 12:32 PM
406.,The Netherlands,Fri- Apr 10- 2009 12:21 PM
407.,Netherlands,Fri- Apr 10- 2009 12:18 PM
408.,Russia,Fri- Apr 10- 2009 11:44 AM
409.,The Netherlands,Fri- Apr 10- 2009 11:00 AM
410.,India,Fri- Apr 10- 2009 10:57 AM
411.,England,Fri- Apr 10- 2009 10:51 AM
412.,Russia,Fri- Apr 10- 2009 10:35 AM
413.,Australia,Fri- Apr 10- 2009 9:59 AM
414.,Hong Kong,Fri- Apr 10- 2009 9:34 AM
415.,Poland,Fri- Apr 10- 2009 8:48 AM
416.,Romania,Fri- Apr 10- 2009 8:40 AM
417.,Australia,Fri- Apr 10- 2009 8:28 AM
418.,Finland,Fri- Apr 10- 2009 7:59 AM
419.,India,Fri- Apr 10- 2009 7:56 AM
420.,US,Fri- Apr 10- 2009 7:35 AM
421.,Australia,Fri- Apr 10- 2009 7:01 AM
422.,USA,Fri- Apr 10- 2009 6:52 AM
423.,India,Fri- Apr 10- 2009 6:24 AM
424.,USA,Fri- Apr 10- 2009 6:10 AM
425.,USA,Fri- Apr 10- 2009 6:03 AM
426.,United States,Fri- Apr 10- 2009 5:10 AM
427.,Canada,Fri- Apr 10- 2009 5:03 AM
428.,Brazil,Fri- Apr 10- 2009 4:36 AM
429.,Japan,Fri- Apr 10- 2009 4:32 AM
430.,United States of America,Fri- Apr 10- 2009 4:22 AM
431.,Italy,Fri- Apr 10- 2009 3:58 AM
432.,USA,Fri- Apr 10- 2009 3:40 AM
433.,USA,Fri- Apr 10- 2009 3:04 AM
434.,United States,Fri- Apr 10- 2009 2:42 AM
435.,Czech Republic,Fri- Apr 10- 2009 2:37 AM
436.,United States,Fri- Apr 10- 2009 2:22 AM
437.,Belguim,Fri- Apr 10- 2009 1:34 AM
438.,United State of America,Fri- Apr 10- 2009 12:54 AM
439.,USA,Fri- Apr 10- 2009 12:43 AM
440.,England,Fri- Apr 10- 2009 12:26 AM
441.,Poland,Fri- Apr 10- 2009 12:14 AM
442.,Netherlands,Thu- Apr 9- 2009 11:29 PM
443.,Portugal,Thu- Apr 9- 2009 11:12 PM
444.,Romania,Thu- Apr 9- 2009 11:06 PM
445.,UK,Thu- Apr 9- 2009 10:49 PM
446.,Netherlands,Thu- Apr 9- 2009 10:48 PM
447.,Greece,Thu- Apr 9- 2009 10:36 PM
448.,Lithuania,Thu- Apr 9- 2009 10:34 PM
449.,Iran,Thu- Apr 9- 2009 10:29 PM
450.,The Netherlands,Thu- Apr 9- 2009 10:27 PM
451.,Russia,Thu- Apr 9- 2009 10:24 PM
452.,USA,Thu- Apr 9- 2009 10:15 PM
453.,Germany,Thu- Apr 9- 2009 10:13 PM
454.,France,Thu- Apr 9- 2009 10:10 PM
455.,England,Thu- Apr 9- 2009 10:05 PM
456.,Portugal,Thu- Apr 9- 2009 9:59 PM
457.,UK,Thu- Apr 9- 2009 9:51 PM
458.,Malaysi,Thu- Apr 9- 2009 9:30 PM
459.,United States,Thu- Apr 9- 2009 9:16 PM
460.,Canada,Thu- Apr 9- 2009 9:10 PM
461.,Netherlands,Thu- Apr 9- 2009 8:58 PM
462.,China,Thu- Apr 9- 2009 8:47 PM
463.,Norway,Thu- Apr 9- 2009 8:42 PM
464.,United Kingdom,Thu- Apr 9- 2009 8:38 PM
465.,Poland,Thu- Apr 9- 2009 7:54 PM
466.,US,Thu- Apr 9- 2009 7:20 PM
467.,Sweden,Thu- Apr 9- 2009 7:16 PM
468.,Brazil,Thu- Apr 9- 2009 7:00 PM
469.,estonia,Thu- Apr 9- 2009 6:54 PM
470.,United States,Thu- Apr 9- 2009 6:52 PM
471.,Lithuania,Thu- Apr 9- 2009 6:52 PM
472.,Algeria,Thu- Apr 9- 2009 6:47 PM
473.,Germany,Thu- Apr 9- 2009 6:46 PM
474.,USA,Thu- Apr 9- 2009 6:41 PM
475.,United Kingdom,Thu- Apr 9- 2009 6:35 PM
476.,Finland,Thu- Apr 9- 2009 6:26 PM
477.,United States,Thu- Apr 9- 2009 6:26 PM
478.,finland,Thu- Apr 9- 2009 6:21 PM
479.,The Netherlands,Thu- Apr 9- 2009 6:12 PM
480.,Canada,Thu- Apr 9- 2009 6:10 PM
481.,Venezuela,Thu- Apr 9- 2009 6:02 PM
482.,Czech Republic,Thu- Apr 9- 2009 5:54 PM
483.,UK,Thu- Apr 9- 2009 5:52 PM
484.,UK,Thu- Apr 9- 2009 5:45 PM
485.,UK,Thu- Apr 9- 2009 5:44 PM
486.,UK,Thu- Apr 9- 2009 5:44 PM
487.,Finland,Thu- Apr 9- 2009 5:38 PM
488.,Japan,Thu- Apr 9- 2009 5:26 PM
489.,Sweden,Thu- Apr 9- 2009 5:22 PM
490.,Malta,Thu- Apr 9- 2009 5:13 PM
491.,Australia,Thu- Apr 9- 2009 4:39 PM
492.,Saudi Arabia,Thu- Apr 9- 2009 4:32 PM
493.,United States of America,Thu- Apr 9- 2009 4:05 PM
494.,USA,Thu- Apr 9- 2009 4:00 PM
495.,China,Thu- Apr 9- 2009 3:45 PM
496.,United States,Thu- Apr 9- 2009 3:38 PM
497.,Russian Federation,Thu- Apr 9- 2009 3:18 PM
498.,Greece,Thu- Apr 9- 2009 3:04 PM
499.,South Africa,Thu- Apr 9- 2009 2:43 PM
500.,Italy,Thu- Apr 9- 2009 2:30 PM
501.,Portugal,Thu- Apr 9- 2009 2:22 PM
502.,FRANCE,Thu- Apr 9- 2009 2:18 PM
503.,Italy,Thu- Apr 9- 2009 2:16 PM
504.,china mainland,Thu- Apr 9- 2009 2:15 PM
505.,New Zealand,Thu- Apr 9- 2009 2:03 PM
506.,Russia,Thu- Apr 9- 2009 1:45 PM
507.,Australia,Thu- Apr 9- 2009 1:34 PM
508.,Latvia,Thu- Apr 9- 2009 1:19 PM
509.,China,Thu- Apr 9- 2009 1:18 PM
510.,Australia,Thu- Apr 9- 2009 1:17 PM
511.,Australia,Thu- Apr 9- 2009 1:05 PM
512.,United States,Thu- Apr 9- 2009 12:58 PM
513.,Sweden,Thu- Apr 9- 2009 12:52 PM
514.,England,Thu- Apr 9- 2009 12:49 PM
515.,Ukraine,Thu- Apr 9- 2009 12:47 PM
516.,United Kingdom,Thu- Apr 9- 2009 12:46 PM
517.,India,Thu- Apr 9- 2009 12:27 PM
518.,The Netherlands,Thu- Apr 9- 2009 12:25 PM
519.,Sweden,Thu- Apr 9- 2009 12:18 PM
520.,UK,Thu- Apr 9- 2009 12:06 PM
521.,Ukraine,Thu- Apr 9- 2009 12:05 PM
522.,iran,Thu- Apr 9- 2009 12:01 PM
523.,iran,Thu- Apr 9- 2009 12:01 PM
524.,USA,Thu- Apr 9- 2009 11:45 AM
525.,United Kingdom,Thu- Apr 9- 2009 11:42 AM
526.,Belgium,Thu- Apr 9- 2009 11:41 AM
527.,Germany,Thu- Apr 9- 2009 11:37 AM
528.,italy,Thu- Apr 9- 2009 11:14 AM
529.,Russia,Thu- Apr 9- 2009 11:13 AM
530.,UK,Thu- Apr 9- 2009 11:06 AM
531.,Saudi Arabia,Thu- Apr 9- 2009 11:05 AM
532.,united states,Thu- Apr 9- 2009 10:55 AM
533.,Italy,Thu- Apr 9- 2009 10:43 AM
534.,Germany,Thu- Apr 9- 2009 10:34 AM
535.,Hungary,Thu- Apr 9- 2009 10:32 AM
536.,Scotland,Thu- Apr 9- 2009 10:28 AM
537.,Italy,Thu- Apr 9- 2009 10:25 AM
538.,India,Thu- Apr 9- 2009 10:04 AM
539.,Hungary,Thu- Apr 9- 2009 10:03 AM
540.,Deutschland,Thu- Apr 9- 2009 10:02 AM
541.,Egypt,Thu- Apr 9- 2009 10:00 AM
542.,china,Thu- Apr 9- 2009 9:57 AM
543.,The Netherlands,Thu- Apr 9- 2009 9:53 AM
544.,Poland,Thu- Apr 9- 2009 9:49 AM
545.,france,Thu- Apr 9- 2009 9:47 AM
546.,Saudi Arabia,Thu- Apr 9- 2009 9:41 AM
547.,Sweden,Thu- Apr 9- 2009 9:35 AM
548.,Saudi Arabia,Thu- Apr 9- 2009 9:29 AM
549.,Czech Republic,Thu- Apr 9- 2009 9:24 AM
550.,Sweden,Thu- Apr 9- 2009 9:22 AM
551.,Philippines,Thu- Apr 9- 2009 9:15 AM
552.,The Netherlands,Thu- Apr 9- 2009 9:06 AM
553.,The Netherlands,Thu- Apr 9- 2009 9:03 AM
554.,Russian Federation,Thu- Apr 9- 2009 9:02 AM
555.,Russia,Thu- Apr 9- 2009 8:54 AM
556.,Hungary,Thu- Apr 9- 2009 8:51 AM
557.,USA,Thu- Apr 9- 2009 8:51 AM
558.,China,Thu- Apr 9- 2009 8:44 AM
559.,New Zealand,Thu- Apr 9- 2009 8:43 AM
560.,USA,Thu- Apr 9- 2009 8:42 AM
561.,Malaysia,Thu- Apr 9- 2009 8:41 AM
562.,Netherlands,Thu- Apr 9- 2009 8:40 AM
563.,Malaysia,Thu- Apr 9- 2009 8:36 AM
564.,Slovakia,Thu- Apr 9- 2009 8:25 AM
565.,Netherlands,Thu- Apr 9- 2009 8:24 AM
566.,South Africa,Thu- Apr 9- 2009 8:16 AM
567.,Lithuania,Thu- Apr 9- 2009 8:12 AM
568.,Redmond,Thu- Apr 9- 2009 7:59 AM
569.,Madagascar,Thu- Apr 9- 2009 7:56 AM
570.,Finland,Thu- Apr 9- 2009 7:48 AM
571.,The Netherlands,Thu- Apr 9- 2009 7:47 AM
572.,USA,Thu- Apr 9- 2009 7:37 AM
573.,United States,Thu- Apr 9- 2009 7:37 AM
574.,lithuania,Thu- Apr 9- 2009 7:36 AM
575.,Iran,Thu- Apr 9- 2009 7:29 AM
576.,United States,Thu- Apr 9- 2009 7:27 AM
577.,Czech Republic,Thu- Apr 9- 2009 7:25 AM
578.,NL,Thu- Apr 9- 2009 7:13 AM
579.,P.R.China,Thu- Apr 9- 2009 7:02 AM
580.,Egypt,Thu- Apr 9- 2009 6:45 AM
581.,P. R. China,Thu- Apr 9- 2009 6:45 AM
582.,United States,Thu- Apr 9- 2009 6:44 AM
583.,China,Thu- Apr 9- 2009 6:39 AM
584.,China,Thu- Apr 9- 2009 6:36 AM
585.,Sweden,Thu- Apr 9- 2009 6:34 AM
586.,Japan,Thu- Apr 9- 2009 6:34 AM
587.,Philippines,Thu- Apr 9- 2009 6:12 AM
588.,China,Thu- Apr 9- 2009 5:52 AM
589.,USA,Thu- Apr 9- 2009 5:40 AM
590.,Iran,Thu- Apr 9- 2009 5:40 AM
591.,Portugal,Thu- Apr 9- 2009 5:38 AM
592.,China (People's Republic of China),Thu- Apr 9- 2009 5:34 AM
593.,USA,Thu- Apr 9- 2009 5:31 AM
594.,China,Thu- Apr 9- 2009 5:24 AM
595.,USA,Thu- Apr 9- 2009 5:19 AM
596.,Argentina,Thu- Apr 9- 2009 5:06 AM
597.,Canada,Thu- Apr 9- 2009 5:02 AM
598.,South Korea,Thu- Apr 9- 2009 5:01 AM
599.,taiwan,Thu- Apr 9- 2009 4:42 AM
600.,china,Thu- Apr 9- 2009 4:40 AM
601.,Australia,Thu- Apr 9- 2009 4:18 AM
602.,USA,Thu- Apr 9- 2009 4:14 AM
603.,USA,Thu- Apr 9- 2009 3:55 AM
604.,USA,Thu- Apr 9- 2009 3:43 AM
605.,United States,Thu- Apr 9- 2009 3:43 AM
606.,United States,Thu- Apr 9- 2009 3:41 AM
607.,Canada,Thu- Apr 9- 2009 3:39 AM
608.,USA,Thu- Apr 9- 2009 3:37 AM
609.,usa,Thu- Apr 9- 2009 3:29 AM
610.,Korea- Republic Of,Thu- Apr 9- 2009 3:27 AM
611.,usa,Thu- Apr 9- 2009 3:25 AM
612.,USA,Thu- Apr 9- 2009 3:16 AM
613.,south korea,Thu- Apr 9- 2009 3:08 AM
614.,United States,Thu- Apr 9- 2009 3:07 AM
615.,China,Thu- Apr 9- 2009 3:04 AM
616.,United Kingdom,Thu- Apr 9- 2009 2:55 AM
617.,USA,Thu- Apr 9- 2009 2:42 AM
618.,United States,Thu- Apr 9- 2009 2:41 AM
619.,USA,Thu- Apr 9- 2009 2:37 AM
620.,Korea,Thu- Apr 9- 2009 2:36 AM
621.,The United States,Thu- Apr 9- 2009 2:28 AM
622.,Saudi Arabia,Thu- Apr 9- 2009 2:22 AM
623.,netherlands,Thu- Apr 9- 2009 2:19 AM
624.,Australia,Thu- Apr 9- 2009 2:18 AM
625.,USA,Thu- Apr 9- 2009 2:18 AM
626.,USA,Thu- Apr 9- 2009 2:13 AM
627.,Saudi Arabia,Thu- Apr 9- 2009 2:10 AM
628.,England,Thu- Apr 9- 2009 2:06 AM
629.,netherlands,Thu- Apr 9- 2009 2:04 AM
630.,United States,Thu- Apr 9- 2009 2:03 AM
631.,Mexico,Thu- Apr 9- 2009 1:56 AM
632.,Canada,Thu- Apr 9- 2009 1:55 AM
633.,US,Thu- Apr 9- 2009 1:54 AM
634.,Turkey,Thu- Apr 9- 2009 1:44 AM
635.,United States,Thu- Apr 9- 2009 1:39 AM
636.,Portugal,Thu- Apr 9- 2009 1:38 AM
637.,Canada,Thu- Apr 9- 2009 1:37 AM
638.,italy,Thu- Apr 9- 2009 1:34 AM
639.,Germany,Thu- Apr 9- 2009 1:24 AM
640.,United States,Thu- Apr 9- 2009 1:12 AM
641.,Australia,Thu- Apr 9- 2009 1:04 AM
642.,U.S.A.,Thu- Apr 9- 2009 1:00 AM
643.,USA,Thu- Apr 9- 2009 12:59 AM
644.,United States of America,Thu- Apr 9- 2009 12:59 AM
645.,Brazil,Thu- Apr 9- 2009 12:54 AM
646.,USA,Thu- Apr 9- 2009 12:53 AM
647.,United States,Thu- Apr 9- 2009 12:52 AM
648.,United States,Thu- Apr 9- 2009 12:51 AM
649.,Poland,Thu- Apr 9- 2009 12:50 AM
650.,UK,Thu- Apr 9- 2009 12:46 AM
651.,guadeloupe,Thu- Apr 9- 2009 12:41 AM
652.,US,Thu- Apr 9- 2009 12:40 AM
653.,New Zealand,Thu- Apr 9- 2009 12:36 AM
654.,USA,Thu- Apr 9- 2009 12:32 AM
655.,Bulgaria,Thu- Apr 9- 2009 12:31 AM
656.,Romania,Thu- Apr 9- 2009 12:30 AM
657.,France,Thu- Apr 9- 2009 12:30 AM
658.,France,Thu- Apr 9- 2009 12:28 AM
659.,United States,Thu- Apr 9- 2009 12:28 AM
660.,United States,Thu- Apr 9- 2009 12:24 AM
661.,USA,Thu- Apr 9- 2009 12:20 AM
662.,Australia,Thu- Apr 9- 2009 12:08 AM
663.,saudi arabia,Thu- Apr 9- 2009 12:06 AM
664.,the netherlands,Thu- Apr 9- 2009 12:04 AM
665.,Belgium,Thu- Apr 9- 2009 12:01 AM
666.,Belgium,Wed- Apr 8- 2009 11:55 PM
667.,Canada,Wed- Apr 8- 2009 11:55 PM
668.,Portugal,Wed- Apr 8- 2009 11:55 PM
669.,Australia,Wed- Apr 8- 2009 11:55 PM
670.,Poland,Wed- Apr 8- 2009 11:53 PM
671.,United States,Wed- Apr 8- 2009 11:50 PM
672.,Canada,Wed- Apr 8- 2009 11:48 PM
673.,Romania,Wed- Apr 8- 2009 11:45 PM
674.,United States,Wed- Apr 8- 2009 11:37 PM
675.,Mexico,Wed- Apr 8- 2009 11:35 PM
676.,UK,Wed- Apr 8- 2009 11:34 PM
677.,Canada,Wed- Apr 8- 2009 11:31 PM
678.,USA,Wed- Apr 8- 2009 11:31 PM
679.,France,Wed- Apr 8- 2009 11:31 PM
680.,Netherlands,Wed- Apr 8- 2009 11:31 PM
681.,Latvia,Wed- Apr 8- 2009 11:30 PM
682.,Islamic Republic Of Iran,Wed- Apr 8- 2009 11:28 PM
683.,Netherlands,Wed- Apr 8- 2009 11:27 PM
684.,Canada,Wed- Apr 8- 2009 11:26 PM
685.,USA,Wed- Apr 8- 2009 11:25 PM
686.,USA,Wed- Apr 8- 2009 11:19 PM
687.,United States,Wed- Apr 8- 2009 11:18 PM
688.,USA,Wed- Apr 8- 2009 11:18 PM
689.,United States,Wed- Apr 8- 2009 11:17 PM
690.,france,Wed- Apr 8- 2009 11:14 PM
691.,USA,Wed- Apr 8- 2009 11:14 PM
692.,Australia,Wed- Apr 8- 2009 11:11 PM
693.,Germany,Wed- Apr 8- 2009 11:07 PM
694.,The Netherlands,Wed- Apr 8- 2009 11:04 PM
695.,Russia,Wed- Apr 8- 2009 11:01 PM
696.,the Netherlands,Wed- Apr 8- 2009 11:01 PM
697.,Poland,Wed- Apr 8- 2009 11:01 PM
698.,United Kingdom,Wed- Apr 8- 2009 10:59 PM
699.,Poland,Wed- Apr 8- 2009 10:55 PM
700.,Russia,Wed- Apr 8- 2009 10:52 PM
701.,Netherlands,Wed- Apr 8- 2009 10:52 PM
702.,Portugal,Wed- Apr 8- 2009 10:51 PM
703.,Turkey,Wed- Apr 8- 2009 10:49 PM
704.,Turkey,Wed- Apr 8- 2009 10:48 PM
705.,USA,Wed- Apr 8- 2009 10:48 PM
706.,Netherlands,Wed- Apr 8- 2009 10:47 PM
707.,China,Wed- Apr 8- 2009 10:44 PM
708.,Netherlands,Wed- Apr 8- 2009 10:42 PM
709.,USA,Wed- Apr 8- 2009 10:40 PM
710.,Russia,Wed- Apr 8- 2009 10:38 PM
711.,United Kingdom,Wed- Apr 8- 2009 10:33 PM
712.,USA,Wed- Apr 8- 2009 10:32 PM
713.,Netherlands,Wed- Apr 8- 2009 10:29 PM
714.,TURKEY,Wed- Apr 8- 2009 10:28 PM
715.,United States,Wed- Apr 8- 2009 10:28 PM
716.,Belgium,Wed- Apr 8- 2009 10:28 PM
717.,france,Wed- Apr 8- 2009 10:27 PM
718.,Netherlands,Wed- Apr 8- 2009 10:26 PM
719.,Canada,Wed- Apr 8- 2009 10:25 PM
720.,Netherlands,Wed- Apr 8- 2009 10:25 PM
721.,United States,Wed- Apr 8- 2009 10:25 PM
722.,Poland,Wed- Apr 8- 2009 10:23 PM
723.,NL,Wed- Apr 8- 2009 10:21 PM
724.,Russia,Wed- Apr 8- 2009 10:19 PM
725.,New Zealand,Wed- Apr 8- 2009 10:17 PM
726.,USA,Wed- Apr 8- 2009 10:17 PM
727.,Canada,Wed- Apr 8- 2009 10:17 PM
728.,Isle of Man,Wed- Apr 8- 2009 10:16 PM
729.,Canada,Wed- Apr 8- 2009 10:15 PM
730.,The Netherlands :),Wed- Apr 8- 2009 10:13 PM
731.,Poland,Wed- Apr 8- 2009 10:13 PM
732.,United Kingdom,Wed- Apr 8- 2009 10:11 PM
733.,netherlands,Wed- Apr 8- 2009 10:10 PM
734.,Belgium,Wed- Apr 8- 2009 10:08 PM
735.,United States of America,Wed- Apr 8- 2009 10:05 PM
736.,Netherlands,Wed- Apr 8- 2009 9:57 PM
737.,sweden,Wed- Apr 8- 2009 9:54 PM
738.,The Netherlands,Wed- Apr 8- 2009 9:54 PM
739.,United States of America,Wed- Apr 8- 2009 9:51 PM
740.,Poland,Wed- Apr 8- 2009 9:50 PM
741.,USA,Wed- Apr 8- 2009 9:49 PM
742.,Sweden,Wed- Apr 8- 2009 9:48 PM
743.,belgium,Wed- Apr 8- 2009 9:48 PM
744.,turkey,Wed- Apr 8- 2009 9:42 PM
745.,Turkey,Wed- Apr 8- 2009 9:41 PM
746.,Spain,Wed- Apr 8- 2009 9:39 PM
747.,USA,Wed- Apr 8- 2009 9:38 PM
748.,Scotland,Wed- Apr 8- 2009 9:38 PM
749.,Netherlands,Wed- Apr 8- 2009 9:37 PM
750.,Australia,Wed- Apr 8- 2009 9:37 PM
751.,United States,Wed- Apr 8- 2009 9:36 PM
752.,UK,Wed- Apr 8- 2009 9:35 PM
753.,USA,Wed- Apr 8- 2009 9:32 PM
754.,Hungary,Wed- Apr 8- 2009 9:31 PM
755.,The Netherlands,Wed- Apr 8- 2009 9:26 PM
756.,Estonia,Wed- Apr 8- 2009 9:23 PM
757.,USA,Wed- Apr 8- 2009 9:22 PM
758.,United States,Wed- Apr 8- 2009 9:21 PM
759.,Turkey,Wed- Apr 8- 2009 9:10 PM
760.,USA,Wed- Apr 8- 2009 9:10 PM
761.,the netherlands,Wed- Apr 8- 2009 9:08 PM
762.,Russia,Wed- Apr 8- 2009 9:06 PM
763.,Philippines,Wed- Apr 8- 2009 9:05 PM
764.,The Netherlands,Wed- Apr 8- 2009 9:04 PM
765.,Poland,Wed- Apr 8- 2009 9:04 PM
766.,Lithuania,Wed- Apr 8- 2009 9:04 PM
767.,United States,Wed- Apr 8- 2009 9:02 PM
768.,USA,Wed- Apr 8- 2009 9:02 PM
769.,Netherlands,Wed- Apr 8- 2009 9:00 PM
770.,England,Wed- Apr 8- 2009 8:59 PM
771.,United States,Wed- Apr 8- 2009 8:59 PM
772.,Brasil,Wed- Apr 8- 2009 8:57 PM
773.,New Zealand,Wed- Apr 8- 2009 8:56 PM
774.,Portugal,Wed- Apr 8- 2009 8:55 PM
775.,Germany,Wed- Apr 8- 2009 8:55 PM
776.,UK,Wed- Apr 8- 2009 8:53 PM
777.,United Kingdom,Wed- Apr 8- 2009 8:52 PM
778.,Netherlands,Wed- Apr 8- 2009 8:52 PM
779.,Scotland- UK,Wed- Apr 8- 2009 8:51 PM
780.,malaysia,Wed- Apr 8- 2009 8:50 PM
781.,England,Wed- Apr 8- 2009 8:48 PM
782.,Austria,Wed- Apr 8- 2009 8:48 PM
783.,UK,Wed- Apr 8- 2009 8:48 PM
784.,UK,Wed- Apr 8- 2009 8:47 PM
785.,Nederland,Wed- Apr 8- 2009 8:47 PM
786.,Poland,Wed- Apr 8- 2009 8:47 PM
787.,Belgium,Wed- Apr 8- 2009 8:46 PM
788.,Poland,Wed- Apr 8- 2009 8:45 PM
789.,Turkey,Wed- Apr 8- 2009 8:44 PM
790.,Turkey,Wed- Apr 8- 2009 8:42 PM
791.,The Netherlands,Wed- Apr 8- 2009 8:42 PM
792.,Brazil,Wed- Apr 8- 2009 8:41 PM
793.,Netherlands,Wed- Apr 8- 2009 8:40 PM
794.,USA,Wed- Apr 8- 2009 8:39 PM
795.,Brazil,Wed- Apr 8- 2009 8:38 PM
796.,Germany,Wed- Apr 8- 2009 8:38 PM
797.,Bulgaria,Wed- Apr 8- 2009 8:38 PM
798.,UK,Wed- Apr 8- 2009 8:37 PM
799.,Belgium,Wed- Apr 8- 2009 8:37 PM
800.,US,Wed- Apr 8- 2009 8:36 PM
801.,Netherlands,Wed- Apr 8- 2009 8:36 PM
802.,Poland,Wed- Apr 8- 2009 8:35 PM
803.,USA,Wed- Apr 8- 2009 8:34 PM
804.,India,Wed- Apr 8- 2009 8:34 PM
805.,USA,Wed- Apr 8- 2009 8:33 PM
806.,Poland,Wed- Apr 8- 2009 8:33 PM
807.,Mauritius,Wed- Apr 8- 2009 8:33 PM
808.,uk,Wed- Apr 8- 2009 8:32 PM
809.,USA,Wed- Apr 8- 2009 8:32 PM
810.,Brazil,Wed- Apr 8- 2009 8:31 PM
811.,Argentina,Wed- Apr 8- 2009 8:29 PM
812.,United Kingdom- England,Wed- Apr 8- 2009 8:28 PM
813.,the Netherlands,Wed- Apr 8- 2009 8:26 PM
814.,Russia,Wed- Apr 8- 2009 8:25 PM
815.,Ukraine,Wed- Apr 8- 2009 8:25 PM
816.,Sweden,Wed- Apr 8- 2009 8:22 PM
817.,Sweden,Wed- Apr 8- 2009 8:22 PM
818.,Belgium,Wed- Apr 8- 2009 8:22 PM
819.,Malta (Europe),Wed- Apr 8- 2009 8:21 PM
820.,Germany,Wed- Apr 8- 2009 8:19 PM
821.,France,Wed- Apr 8- 2009 8:19 PM
822.,United Arab Emirates,Wed- Apr 8- 2009 8:19 PM
823.,USA,Wed- Apr 8- 2009 8:15 PM
824.,netherlands,Wed- Apr 8- 2009 8:15 PM
825.,Belarus,Wed- Apr 8- 2009 8:14 PM
826.,France,Wed- Apr 8- 2009 8:13 PM
827.,United States,Wed- Apr 8- 2009 8:12 PM
828.,Romania,Wed- Apr 8- 2009 8:11 PM
829.,USA,Wed- Apr 8- 2009 8:11 PM
830.,Iran,Wed- Apr 8- 2009 8:10 PM
831.,Ukraine,Wed- Apr 8- 2009 8:09 PM
832.,Iran,Wed- Apr 8- 2009 8:09 PM
833.,Netherlands,Wed- Apr 8- 2009 8:08 PM
834.,USA,Wed- Apr 8- 2009 8:08 PM
835.,Belgium,Wed- Apr 8- 2009 8:07 PM
836.,US,Wed- Apr 8- 2009 8:07 PM
837.,Brazil,Wed- Apr 8- 2009 8:06 PM
838.,USA,Wed- Apr 8- 2009 8:06 PM
839.,Greece,Wed- Apr 8- 2009 8:04 PM
840.,England - UK,Wed- Apr 8- 2009 8:03 PM
841.,Brazil,Wed- Apr 8- 2009 8:03 PM
842.,Egypt,Wed- Apr 8- 2009 8:01 PM
843.,Finland,Wed- Apr 8- 2009 8:00 PM
844.,Czech Republic,Wed- Apr 8- 2009 7:59 PM
845.,Iran,Wed- Apr 8- 2009 7:58 PM
846.,Russia,Wed- Apr 8- 2009 7:58 PM
847.,UK,Wed- Apr 8- 2009 7:58 PM
848.,Infia,Wed- Apr 8- 2009 7:58 PM
849.,UK,Wed- Apr 8- 2009 7:57 PM
850.,Russia,Wed- Apr 8- 2009 7:56 PM
851.,USA,Wed- Apr 8- 2009 7:56 PM
852.,United States of America,Wed- Apr 8- 2009 7:55 PM
853.,Malaysia,Wed- Apr 8- 2009 7:55 PM
854.,Estonia,Wed- Apr 8- 2009 7:55 PM
855.,The Netherlands,Wed- Apr 8- 2009 7:55 PM
856.,Netherlands,Wed- Apr 8- 2009 7:55 PM
857.,United States,Wed- Apr 8- 2009 7:55 PM
858.,United States,Wed- Apr 8- 2009 7:54 PM
859.,United Kingdom,Wed- Apr 8- 2009 7:54 PM
860.,Brazil,Wed- Apr 8- 2009 7:54 PM
861.,Turkey,Wed- Apr 8- 2009 7:53 PM
862.,Finland,Wed- Apr 8- 2009 7:51 PM
863.,Türkiye,Wed- Apr 8- 2009 7:51 PM
864.,usa,Wed- Apr 8- 2009 7:51 PM
865.,belgium,Wed- Apr 8- 2009 7:50 PM
866.,United States,Wed- Apr 8- 2009 7:50 PM
867.,United States,Wed- Apr 8- 2009 7:50 PM
868.,USA,Wed- Apr 8- 2009 7:50 PM
869.,Germany,Wed- Apr 8- 2009 7:50 PM
870.,United Kingdom,Wed- Apr 8- 2009 7:49 PM
871.,The Netherlands,Wed- Apr 8- 2009 7:48 PM
872.,USA,Wed- Apr 8- 2009 7:47 PM
873.,Russa,Wed- Apr 8- 2009 7:46 PM
874.,Czech Republic,Wed- Apr 8- 2009 7:45 PM
875.,Germany,Wed- Apr 8- 2009 7:45 PM
876.,United States,Wed- Apr 8- 2009 7:45 PM
877.,Finland,Wed- Apr 8- 2009 7:44 PM
878.,Mexico,Wed- Apr 8- 2009 7:44 PM
879.,US,Wed- Apr 8- 2009 7:43 PM
880.,United States,Wed- Apr 8- 2009 7:43 PM
881.,USA,Wed- Apr 8- 2009 7:42 PM
882.,Nederland,Wed- Apr 8- 2009 7:42 PM
883.,USA,Wed- Apr 8- 2009 7:42 PM
884.,Estonia,Wed- Apr 8- 2009 7:41 PM
885.,india,Wed- Apr 8- 2009 7:41 PM
886.,USA,Wed- Apr 8- 2009 7:41 PM
887.,Czech republic,Wed- Apr 8- 2009 7:41 PM
888.,Netherlands,Wed- Apr 8- 2009 7:40 PM
889.,Hungary,Wed- Apr 8- 2009 7:39 PM
890.,USA,Wed- Apr 8- 2009 7:39 PM
891.,usa,Wed- Apr 8- 2009 7:38 PM
892.,Iran,Wed- Apr 8- 2009 7:38 PM
893.,Argentina,Wed- Apr 8- 2009 7:37 PM
894.,USA,Wed- Apr 8- 2009 7:37 PM
895.,Netherlands,Wed- Apr 8- 2009 7:36 PM
896.,USA,Wed- Apr 8- 2009 7:36 PM
897.,Hungary,Wed- Apr 8- 2009 7:36 PM
898.,Brazil,Wed- Apr 8- 2009 7:36 PM
899.,Slovak Republic,Wed- Apr 8- 2009 7:36 PM
900.,Sweden,Wed- Apr 8- 2009 7:36 PM
901.,Russia,Wed- Apr 8- 2009 7:36 PM
902.,Canada,Wed- Apr 8- 2009 7:35 PM
903.,United States,Wed- Apr 8- 2009 7:35 PM
904.,Brazil,Wed- Apr 8- 2009 7:35 PM
905.,The Netherlands,Wed- Apr 8- 2009 7:35 PM
906.,Germany,Wed- Apr 8- 2009 7:35 PM
907.,Russia,Wed- Apr 8- 2009 7:34 PM
908.,Sweden,Wed- Apr 8- 2009 7:34 PM
909.,Netherlands,Wed- Apr 8- 2009 7:34 PM
910.,Ireland,Wed- Apr 8- 2009 7:34 PM
911.,Brazil,Wed- Apr 8- 2009 7:34 PM
912.,Malaysia,Wed- Apr 8- 2009 7:33 PM
913.,Japan,Wed- Apr 8- 2009 7:33 PM
914.,holland,Wed- Apr 8- 2009 7:33 PM
915.,The Netherlands,Wed- Apr 8- 2009 7:32 PM
916.,Russia,Wed- Apr 8- 2009 7:32 PM
917.,iran,Wed- Apr 8- 2009 7:32 PM
918.,Malaysia,Wed- Apr 8- 2009 7:32 PM
919.,mexico,Wed- Apr 8- 2009 7:32 PM
920.,UK,Wed- Apr 8- 2009 7:32 PM
921.,USA,Wed- Apr 8- 2009 7:31 PM
922.,England,Wed- Apr 8- 2009 7:31 PM
923.,Belgium,Wed- Apr 8- 2009 7:31 PM
924.,Ukraine(:,Wed- Apr 8- 2009 7:30 PM
925.,United States,Wed- Apr 8- 2009 7:30 PM
926.,USA,Wed- Apr 8- 2009 7:30 PM
927.,Netherlands,Wed- Apr 8- 2009 7:30 PM
928.,USA,Wed- Apr 8- 2009 7:30 PM
929.,United States,Wed- Apr 8- 2009 7:30 PM
930.,Belgum,Wed- Apr 8- 2009 7:29 PM
931.,Peru,Wed- Apr 8- 2009 7:29 PM
932.,UAE,Wed- Apr 8- 2009 7:29 PM
933.,Perth- Australia,Wed- Apr 8- 2009 7:28 PM
934.,Spain,Wed- Apr 8- 2009 7:28 PM
935.,United Kingdom,Wed- Apr 8- 2009 7:28 PM
936.,USA,Wed- Apr 8- 2009 7:28 PM
937.,Hungary,Wed- Apr 8- 2009 7:27 PM
938.,Argentina,Wed- Apr 8- 2009 7:27 PM
939.,Sweden,Wed- Apr 8- 2009 7:27 PM
940.,Singapore,Wed- Apr 8- 2009 7:27 PM
941.,Brazil,Wed- Apr 8- 2009 7:26 PM
942.,Belgium,Wed- Apr 8- 2009 7:26 PM
943.,India,Wed- Apr 8- 2009 7:26 PM
944.,Lithuania,Wed- Apr 8- 2009 7:25 PM
945.,Turkey,Wed- Apr 8- 2009 7:25 PM
946.,United States,Wed- Apr 8- 2009 7:25 PM
947.,US,Wed- Apr 8- 2009 7:25 PM
948.,UK,Wed- Apr 8- 2009 7:25 PM
949.,Czech Republic,Wed- Apr 8- 2009 7:25 PM
950.,United States,Wed- Apr 8- 2009 7:25 PM
951.,United States,Wed- Apr 8- 2009 7:25 PM
952.,the netherlands,Wed- Apr 8- 2009 7:24 PM
953.,United States,Wed- Apr 8- 2009 7:23 PM
954.,England,Wed- Apr 8- 2009 7:23 PM
955.,UK,Wed- Apr 8- 2009 7:23 PM
956.,Lithuania,Wed- Apr 8- 2009 7:23 PM
957.,Brazil,Wed- Apr 8- 2009 7:23 PM
958.,Brazil,Wed- Apr 8- 2009 7:23 PM
959.,USA,Wed- Apr 8- 2009 7:23 PM
960.,United Kingdom,Wed- Apr 8- 2009 7:23 PM
961.,Ukraine,Wed- Apr 8- 2009 7:23 PM
962.,Poland,Wed- Apr 8- 2009 7:22 PM
963.,England,Wed- Apr 8- 2009 7:22 PM
964.,USA,Wed- Apr 8- 2009 7:22 PM
965.,Russia,Wed- Apr 8- 2009 7:22 PM
966.,The Netherlands,Wed- Apr 8- 2009 7:22 PM
967.,UK,Wed- Apr 8- 2009 7:21 PM
968.,Netherlands,Wed- Apr 8- 2009 7:21 PM
969.,Russia,Wed- Apr 8- 2009 7:21 PM
970.,Brazil,Wed- Apr 8- 2009 7:21 PM
971.,UK,Wed- Apr 8- 2009 7:21 PM
972.,USA,Wed- Apr 8- 2009 7:21 PM
973.,Sweden,Wed- Apr 8- 2009 7:21 PM
974.,England,Wed- Apr 8- 2009 7:20 PM
975.,Saudi Arabia,Wed- Apr 8- 2009 7:20 PM
976.,Japan,Wed- Apr 8- 2009 7:20 PM
977.,Canada,Wed- Apr 8- 2009 7:20 PM
978.,Malaysia,Wed- Apr 8- 2009 7:20 PM
979.,United States,Wed- Apr 8- 2009 7:20 PM
980.,United States of America,Wed- Apr 8- 2009 7:20 PM
981.,Brazil,Wed- Apr 8- 2009 7:20 PM
982.,Czech Republic,Wed- Apr 8- 2009 7:19 PM
983.,Ireland,Wed- Apr 8- 2009 7:19 PM
984.,USA,Wed- Apr 8- 2009 7:19 PM
985.,Sweden,Wed- Apr 8- 2009 7:19 PM
986.,France,Wed- Apr 8- 2009 7:19 PM
987.,France,Wed- Apr 8- 2009 7:19 PM
988.,Finland,Wed- Apr 8- 2009 7:19 PM
989.,Sweden,Wed- Apr 8- 2009 7:18 PM
990.,Finland,Wed- Apr 8- 2009 7:18 PM
991.,Netherlands,Wed- Apr 8- 2009 7:18 PM
992.,The Netherlands,Wed- Apr 8- 2009 7:17 PM
993.,UK,Wed- Apr 8- 2009 7:17 PM
994.,Poland,Wed- Apr 8- 2009 7:17 PM
995.,United States,Wed- Apr 8- 2009 7:17 PM
996.,France,Wed- Apr 8- 2009 7:17 PM
997.,Romania,Wed- Apr 8- 2009 7:17 PM
998.,UK,Wed- Apr 8- 2009 7:17 PM
999.,italy,Wed- Apr 8- 2009 7:16 PM
1000.,Lithuania,Wed- Apr 8- 2009 7:15 PM
1001.,France,Wed- Apr 8- 2009 7:15 PM
1002.,Italy,Wed- Apr 8- 2009 7:15 PM
1003.,United States,Wed- Apr 8- 2009 7:15 PM
1004.,United States,Wed- Apr 8- 2009 7:15 PM
1005.,United States Of America,Wed- Apr 8- 2009 7:13 PM
1006.,Denmark,Wed- Apr 8- 2009 7:12 PM
1007.,Hungary,Wed- Apr 8- 2009 7:11 PM
1008.,Netherlands,Wed- Apr 8- 2009 7:11 PM
1009.,Belgium,Wed- Apr 8- 2009 7:11 PM
1010.,Ukraine,Wed- Apr 8- 2009 7:10 PM
1011.,Italy,Wed- Apr 8- 2009 7:10 PM
1012.,United States,Wed- Apr 8- 2009 7:09 PM
1013.,US,Wed- Apr 8- 2009 7:08 PM
1014.,Nederland (Netherlands),Wed- Apr 8- 2009 6:03 PM
1015.,Bulgaria,Wed- Apr 8- 2009 5:47 PM
1016.,Romania,Wed- Apr 8- 2009 5:39 PM
1017.,United Kingdom,Wed- Apr 8- 2009 5:21 PM
1018.,United States of America,Wed- Apr 8- 2009 4:55 PM
1019.,Ireland,Wed- Apr 8- 2009 4:47 PM
1020.,Portugal,Wed- Apr 8- 2009 4:33 PM
1021.,United Kingdom,Wed- Apr 8- 2009 4:29 PM
1022.,Lithuania,Wed- Apr 8- 2009 4:16 PM
1023.,USA,Wed- Apr 8- 2009 4:08 PM
1024.,Colombia,Wed- Apr 8- 2009 4:08 PM
1025.,Russia,Wed- Apr 8- 2009 3:51 PM
1026.,Estonia,Wed- Apr 8- 2009 3:42 PM
1027.,Turkey,Wed- Apr 8- 2009 3:31 PM
1028.,Serbia,Wed- Apr 8- 2009 3:18 PM
1029.,Netherlands,Wed- Apr 8- 2009 2:56 PM
1030.,germany,Wed- Apr 8- 2009 2:51 PM
1031.,The Netherlands.,Wed- Apr 8- 2009 2:50 PM
1032.,The Netherlands,Wed- Apr 8- 2009 2:48 PM
1033.,Hungary,Wed- Apr 8- 2009 2:43 PM
1034.,Usa/sweden,Wed- Apr 8- 2009 2:40 PM
1035.,Hungary,Wed- Apr 8- 2009 2:23 PM
1036.,Australia,Wed- Apr 8- 2009 2:19 PM
1037.,China,Wed- Apr 8- 2009 2:11 PM
1038.,United Kingdom,Wed- Apr 8- 2009 2:11 PM
1039.,Lithuania,Wed- Apr 8- 2009 2:07 PM
1040.,India,Wed- Apr 8- 2009 2:07 PM
1041.,Denmark,Wed- Apr 8- 2009 2:06 PM
1042.,Nederland,Wed- Apr 8- 2009 2:04 PM
1043.,Ukraine,Wed- Apr 8- 2009 2:00 PM
1044.,Russia,Wed- Apr 8- 2009 1:57 PM
1045.,france,Wed- Apr 8- 2009 1:55 PM
1046.,France,Wed- Apr 8- 2009 1:52 PM
1047.,Belgium,Wed- Apr 8- 2009 1:49 PM
1048.,Russia,Wed- Apr 8- 2009 1:49 PM
1049.,Germany,Wed- Apr 8- 2009 1:41 PM
1050.,Netherlands,Wed- Apr 8- 2009 1:39 PM
1051.,Netherlands,Wed- Apr 8- 2009 1:34 PM
1052.,The Netherlands,Wed- Apr 8- 2009 1:32 PM
1053.,UK,Wed- Apr 8- 2009 1:31 PM
1054.,The Netherlands,Wed- Apr 8- 2009 1:31 PM
1055.,United Kingdom,Wed- Apr 8- 2009 1:29 PM
1056.,Romania,Wed- Apr 8- 2009 1:29 PM
1057.,The Netherlands- and USA,Wed- Apr 8- 2009 1:22 PM
1058.,The Netherlands,Wed- Apr 8- 2009 1:21 PM
1059.,Holland,Wed- Apr 8- 2009 1:17 PM
1060.,Turkey,Wed- Apr 8- 2009 1:14 PM
1061.,China,Wed- Apr 8- 2009 1:14 PM
1062.,The Netherlands,Wed- Apr 8- 2009 1:13 PM
1063.,Belgium,Wed- Apr 8- 2009 1:13 PM
1064.,Canada,Wed- Apr 8- 2009 1:10 PM
1065.,Belgium,Wed- Apr 8- 2009 1:09 PM
1066.,Netherlands,Wed- Apr 8- 2009 1:09 PM
1067.,Russia,Wed- Apr 8- 2009 1:08 PM
1068.,Netherlands,Wed- Apr 8- 2009 1:07 PM
1069.,England,Wed- Apr 8- 2009 1:03 PM

